P212	ISBN-13
P213	ISNI
P214	VIAF ID
P218	ISO 639-1 code
P219	ISO 639-2 code
P220	ISO 639-3 code
P221	ISO 639-6 code
P227	GND ID
P231	CAS Registry Number
P232	EC no.
P234	InChI
P235	InChIKey
P236	ISSN
P243	OCLC control number
P244	Library of Congress authority ID
P245	ULAN ID
P247	COSPAR ID
P267	ATC code
P268	BnF ID
P269	SUDOC authorities
P270	CALIS ID
P271	CiNii author ID
P278	GOST 7.75-97 code
P297	ISO 3166-1 alpha-2 code
P298	ISO 3166-1 alpha-3 code
P299	ISO 3166-1 numeric code
P300	ISO 3166-2 code
P303	EE breed number
P305	IETF language tag
P345	IMDb ID
P347	Joconde ID
P349	NDL Auth ID
P350	RKDimages
P351	Entrez Gene ID
P352	UniProt protein ID
P353	HGNC gene symbol
P354	HGNC ID
P356	DOI
P359	Rijksmonument ID
P374	INSEE municipality code
P377	SCN
P380	Mérimée ID
P381	PCP reference number
P382	CBS municipality code
P396	SBN ID
P402	OpenStreetMap Relation identifier
P409	NLA (Australia) ID
P428	botanist author abbreviation
P429	dantai code
P432	callsign of airline
P434	MusicBrainz artist ID
P435	MusicBrainz work ID
P436	MusicBrainz release group ID
P439	German municipality key
P440	German district key
P442	China administrative division code
P454	Structurae ID (structure)
P455	Emporis building ID
P458	IMO ship number
P464	NOR
P476	CELEX number
P477	Canadian Register of Historic Places ID
P480	FilmAffinity ID
P481	Palissy ID
P484	IMA Number, broad sense
P486	MeSH ID
P492	OMIM ID
P493	ICD-9
P494	ICD-10
P496	ORCID iD
P497	CBDB ID
P498	ISO 4217 code
P503	ISO standard
P506	ISO 15924 alpha-4 code
P507	Swedish county code
P508	BNCF Thesaurus
P525	Swedish municipality code
P535	Find a Grave grave ID
P536	ATP player ID
P539	Museofile
P549	Mathematics Genealogy Project ID
P557	DiseasesDB
P563	ICD-O
P586	IPNI author ID
P587	MMSI
P590	GNIS ID
P592	ChEMBL ID
P594	Ensembl Gene ID
P595	Guide to Pharmacology Ligand ID
P597	WTA player ID
P599	ITF ID
P600	Wine AppDB-ID
P604	MedlinePlus ID
P605	NUTS code
P628	E number
P630	Paris city digital code
P632	cultural properties of Belarus reference number
P633	Quebec cultural heritage directory ID
P635	ISTAT ID
P637	RefSeq Protein ID
P638	PDB ID
P639	RefSeq RNA ID
P640	Léonore ID
P646	Freebase ID
P648	Open Library ID
P649	NRHP reference number
P650	RKDartists ID
P651	Biografisch Portaal number
P652	UNII
P653	PubMed Health
P657	RTECS number
P661	ChemSpider ID
P662	PubChem CID
P663	DSM-IV
P665	KEGG ID
P668	GeneReviews ID
P671	Mouse Genome Informatics ID
P672	MeSH Code
P673	eMedicine
P675	Google Books ID
P677	ÚSOP code
P679	ZVG number
P683	ChEBI ID
P685	NCBI Taxonomy ID
P686	Gene Ontology ID
P687	BHL Page ID
P691	NKCR AUT ID
P695	UN number
P696	Neurolex ID
P698	PubMed ID
P699	Disease Ontology ID
P700	Kemler code
P701	Dodis ID
P704	Ensembl Transcript ID
P705	Ensembl Protein ID
P709	Historic Scotland ID
P714	Dana 8th edition
P715	Drugbank ID
P716	JPL Small-Body Database ID
P717	Minor Planet Center observatory code
P718	Canmore ID
P721	OKATO ID
P722	UIC station code
P723	DBNL author ID
P724	Internet Archive ID
P727	Europeana ID
P731	Litholex ID
P732	BGS Lexicon ID
P733	DINOloket
P745	Low German Bibliography and Biography ID
P757	World Heritage Site ID
P758	Kulturminne ID
P759	Alberta Register of Historic Places ID
P760	DPLA ID
P761	Lake ID (Sweden)
P762	Czech cultural heritage ID
P763	PEI Register of Historic Places ID
P764	OKTMO ID
P771	Swiss municipality code
P772	INE municipality code
P773	ISO 3166-3
P774	FIPS 55-3 (locations in the US)
P775	Swedish urban area code
P776	Swedish minor urban area code
P777	Swedish civil parish code/ATA code
P778	Church of Sweden parish code
P779	Church of Sweden Pastoratskod
P781	SIKART ID
P782	LAU
P804	GNIS Antarctica ID
P806	Italian cadastre code
P808	code Bien de Interés Cultural
P809	WDPA ID
P815	ITIS TSN
P818	arXiv ID
P819	ADS bibcode
P821	CGNDB Unique ID
P824	Meteoritical Bulletin Database ID
P827	BBC programme ID
P829	OEIS ID
P830	Encyclopedia of Life ID
P836	GSS code (2011)
P838	BioLib ID
P839	IMSLP ID
P842	Fossilworks ID
P843	SIRUTA code
P844	UBIGEO code
P845	Saskatchewan Register of Heritage Property ID
P846	Global Biodiversity Information Facility ID
P849	Japanese military aircraft designation
P850	WoRMS-ID
P858	ESPNscrum player ID
P860	e-archiv.li ID
P861	PremiershipRugby.com ID
P862	Operational Requirement of the UK Air Ministry
P863	InPhO ID
P864	ACM Digital Library author ID
P865	BMLO
P866	Perlentaucher ID
P867	ROME Occupation Code (v3)
P882	FIPS 6-4 (US counties)
P883	FIPS 5-2 (code for US states)
P884	State Water Register Code (Russia)
P886	LIR
P888	JSTOR article ID
P889	Mathematical Reviews ID
P892	RfC ID
P893	Social Science Research Network ID
P894	zbMATH work ID
P901	FIPS 10-4 (countries and regions)
P902	HDS ID
P905	PORT film ID
P906	SELIBR
P909	Nova Scotia Register of Historic Places ID
P911	South African municipality code
P917	GRAU index
P918	NOC Occupation Code
P919	SOC Code (2010)
P932	PMCID
P933	heritagefoundation.ca ID
P938	FishBase species ID
P939	KSH code
P947	RSL ID (person)
P949	National Library of Israel ID
P950	BNE ID
P951	NSZL ID
P954	IBNR ID
P957	ISBN-10
P959	MSW ID
P960	Tropicos ID
P961	IPNI plant ID
P962	MycoBank taxon name ID
P964	Austrian municipality key
P966	MusicBrainz label ID
P980	code for weekend and holiday homes (Sweden)
P981	BAG-code for Dutch locations
P982	MusicBrainz area ID
P984	IOC country code
P988	Philippine Standard Geographic Code
P998	DMOZ ID
P999	ARICNS
P1003	NLR (Romania) ID
P1004	MusicBrainz place ID
P1005	PTBNP ID
P1006	National Thesaurus for Author Names ID
P1007	Lattes Platform number
P1010	Iran statistics ID
P1014	AAT ID
P1015	BIBSYS ID
P1017	BAV ID
P1021	KldB-2010 occupation code
P1022	CNO-11 occupation code
P1023	SBC-2010 occupation code
P1024	SBFI occupation code
P1025	SUDOC editions
P1042	ZDB ID
P1043	IDEO Job ID
P1044	SWB editions
P1045	Sycomore ID
P1047	Catholic Hierarchy person ID
P1048	NCL ID
P1051	PSH ID
P1052	Portuguese Job Code CPP-2010
P1053	ResearcherID
P1054	NDL bib ID
P1055	NLM Unique ID
P1058	ERA Journal ID
P1059	CVR number
P1067	Thailand central administrative unit code
P1069	Statistics Denmarks classification of occupation (DISCO-08)
P1070	PlantList-ID
P1076	ICTV virus ID
P1084	EUL editions
P1085	LibraryThing work ID
P1115	ATVK ID
P1116	ELSTAT geographical code
P1133	DGO4 identifier
P1138	Kunstindeks Danmark Artist ID
P1140	EHAK id
P1143	BN (Argentine) editions
P1144	LCOC LCCN (bibliographic)
P1146	IAAF ID
P1153	Scopus Author ID
P1154	Scopus EID
P1155	Scopus Affiliation ID
P1156	Scopus Source ID
P1157	US Congress Bio ID
P1159	CODEN
P1160	ISO 4 abbreviation
P1167	USB ID
P1168	municipality code (Denmark)
P1172	Geokod
P1182	LIBRIS editions
P1184	handle
P1185	Rodovid ID
P1186	MEP directory ID
P1187	Dharma Drum Buddhist College person ID
P1188	Dharma Drum Buddhist College place ID
P1189	Chinese Library Classification
P1203	Finnish municipality number
P1207	NUKAT (WarsawU) authorities
P1208	ISMN
P1209	CN
P1212	Atlas ID
P1213	NLC authorities
P1214	Riksdagen person-id
P1216	National Heritage List for England number
P1217	Internet Broadway Database venue ID
P1218	Internet Broadway Database production ID
P1219	Internet Broadway Database show ID
P1220	Internet Broadway Database person ID
P1222	(deprecated) NARA person ID
P1225	US National Archives Identifier
P1229	Openpolis ID
P1230	JSTOR journal code
P1232	Linguist list code
P1233	ISFDB author ID
P1234	ISFDB publication ID
P1235	ISFDB series ID
P1236	Parsons code
P1237	Box Office Mojo film ID
P1238	Swedish Football Association ID
P1239	ISFDB publisher ID
P1241	Swiss Football Association Club Number
P1242	Theatricalia play ID
P1243	International Standard Recording Code
P1245	OmegaWiki Defined Meaning
P1246	patent number
P1248	KulturNav-id
P1250	Danish Bibliometric Research Indicator (BFI) SNO/CNO
P1251	ABS ASCL code
P1252	AUSTLANG code
P1253	BCU Ecrivainsvd
P1254	Slovenska biografija ID
P1255	Helveticarchives ID
P1256	Iconclass notation
P1258	Rotten Tomatoes ID
P1260	Cultural heritage database in Sweden ID
P1261	Rundata
P1262	RAÄ number
P1263	NNDB people ID
P1265	AlloCiné film ID
P1266	AlloCiné person ID
P1267	AlloCiné series ID
P1270	Norwegian Register journal ID
P1271	Norway Database for Statistics on Higher education publisher ID
P1272	Norway Import Service and Registration Authority periodical code
P1273	CANTIC-ID
P1274	ISFDB title ID
P1275	Norway Import Service and Registration Authority publisher code
P1276	Dictionnaire du Jura ID
P1277	Jufo ID
P1278	Legal Entity ID
P1280	CONOR ID
P1281	WOEID
P1284	Munzinger IBA
P1285	Munzinger Sport number
P1286	Munzinger Pop ID
P1287	KDG Komponisten der Gegenwart
P1288	KLG Kritisches Lexikon der Gegenwartsliteratur
P1289	KLfG Critical Dictionary of foreign contemporary literature
P1291	Association Authors of Switzerland ID
P1292	DNB editions
P1293	Royal Aero Club Aviator's Certificate ID
P1294	WWF ecoregion code
P1296	Gran Enciclopèdia Catalana ID
P1297	IRS Employer Identification Number
P1300	bibcode
P1305	Skyscraper Center ID
P1307	Swiss parliament ID
P1309	EGAXA ID
P1311	lostbridges.org ID
P1315	People Australia ID
P1316	SMDB ID
P1320	OpenCorporates ID
P1323	Terminologia Anatomica 98 ID
P1330	MusicBrainz instrument ID
P1331	PACE member ID
P1338	EPSG ID
P1341	Italian Chamber of Deputies dati ID
P1362	Theaterlexikon der Schweiz online ID
P1364	ITTF table tennis player ID
P1367	Art UK artist ID
P1368	LNB ID
P1369	Iranian National Heritage registration number
P1370	IHSI ID
P1371	ASI Monument ID
P1375	NSK ID
P1377	MTR station code
P1378	China railway TMIS station code
P1380	UglyBridges.com ID
P1381	bridgehunter.com ID
P1385	Enciclopédia Açoriana ID
P1386	Japanese High School Code
P1388	German regional key
P1391	Index Fungorum ID
P1392	ComicBookDB ID
P1394	Glottolog code
P1395	National Cancer Institute ID
P1397	State Catalogue of Geographical Names (Russia) ID
P1400	FCC Facility ID
P1404	World Glacier Inventory ID
P1407	MusicBrainz series ID
P1409	Cycling Archives cyclist ID
P1415	Oxford Dictionary of National Biography ID
P1417	Encyclopædia Britannica Online ID
P1422	Sandrart.net person ID
P1428	Lost Art-ID
P1430	OpenPlaques subject ID
P1439	Norsk filmografi ID
P1440	FIDE ID
P1447	Sports-Reference.com Olympic athlete ID
P1453	catholic.ru ID
P1459	Cadw Building ID
P1460	NIEA building ID
P1463	PRDL Author ID
P1466	WALS lect code
P1467	WALS genus code
P1468	WALS family code
P1469	FIFA player ID
P1473	Nupill Literatura Digital - Author
P1474	Nupill Literatura Digital - Document
P1481	vici.org ID
P1483	kulturnoe-nasledie.ru ID
P1529	Gertrude identifier
P1541	Cycling Quotient male cyclist ID
P1544	Federal Register Document Number
P1550	Orphanet ID
P1551	Exceptional heritage of Wallonia ID
P1553	Yandex.Music artist ID
P1554	UBERON ID
P1555	Executive Order number
P1556	zbMATH author ID
P1562	AllMovie movie ID
P1563	MacTutor id (biographies)
P1564	At the Circulating Library ID
P1565	Enciclopedia de la Literatura en México ID
P1566	GeoNames ID
P1567	NIS/INS code
P1573	BBC Genome ID
P1575	RISS catalog
P1577	Gregory-Aland-Number
P1578	Gmelin number
P1579	Beilstein Registry Number
P1580	University of Barcelona authority ID
P1583	MalaCards ID
P1584	Pleiades ID
P1585	Brazilian municipality code
P1586	Catalan object of cultural interest ID
P1587	Slovene Cultural Heritage Register ID
P1599	Cambridge Alumni Database ID
P1600	code Inventari del Patrimoni Arquitectònic de Catalunya
P1601	Esperantist ID
P1602	Art UK venue ID
P1607	Dialnet author ID
P1608	Dialnet book ID
P1609	Dialnet journal
P1610	Dialnet article
P1614	History of Parliament ID
P1615	CLARA-ID
P1616	SIREN number
P1617	BBC Things ID
P1624	MarineTraffic Port ID
P1626	Thai cultural heritage ID
P1627	Ethnologue.com code
P1631	China Vitae ID
P1632	Hermann-Mauguin notation
P1644	MessesInfo ID
P1645	NIST/CODATA ID
P1648	Dictionary of Welsh Biography ID
P1649	KMDb person ID
P1650	BBF ID
P1651	YouTube video ID
P1653	TERYT municipality code
P1662	DOI prefix
P1663	ProCyclingStats cyclist ID
P1664	Cycling Database ID
P1665	Chess Games ID
P1666	Chess Club ID
P1667	TGN ID
P1668	ATCvet
P1669	CONA ID
P1670	LAC ID
P1679	Art UK artwork ID
P1688	AniDB ID
P1690	ICD-10-PCS
P1691	operations and procedures key (OPS)
P1693	Terminologia Embryologica
P1694	Terminologia Histologica
P1695	NLP ID
P1699	SkyscraperPage building id
P1700	SIPA ID
P1702	IGESPAR ID
P1707	DAAO ID
P1708	LfDS object ID
P1710	Sächsische Biografie
P1711	British Museum person-institution
P1712	Metacritic ID
P1714	Journalisted ID
P1715	RKD/ESD (Slovenia) ID
P1717	SANDRE ID
P1726	Florentine musea Inventario 1890  ID
P1727	Flora of North America taxon ID
P1728	AllMusic artist ID
P1729	AllMusic album ID
P1730	AllMusic song ID
P1732	Naturbase ID
P1733	Steam Application ID
P1735	Comedien.ch ID
P1736	Information Center for Israeli Art artist ID
P1738	Merck Index monograph
P1739	CiNii book ID
P1741	GTAA ID
P1743	Bradley and Fletcher checklist number
P1744	Agassiz checklist number
P1745	VASCAN ID
P1746	ZooBank nomenclatural act
P1747	Flora of China ID
P1749	Parlement & Politiek ID
P1751	Art UK collection ID
P1755	Aviation Safety Network accident ID
P1760	Aviation Safety Network Wikibase Occurrence
P1761	Watson & Dallwitz family ID
P1763	National Pipe Organ Register ID
P1764	FOIH relict ID
P1769	denkXweb identifier
P1770	Romania LMI code
P1771	Integrated Postsecondary Education Data System ID
P1772	USDA PLANTS ID
P1788	DVN ID
P1794	bureau du patrimoine de Seine-Saint-Denis ID
P1795	Smithsonian American Art Museum: person/institution thesaurus ID
P1798	ISO 639-5 code
P1799	Maltese Islands National Inventory of Cultural Property ID
P1800	Wikimedia database name
P1802	EMLO person ID
P1803	Masaryk University person ID
P1804	DNF film ID
P1806	ABoK number
P1807	Great Aragonese Encyclopedia ID
P1808	senat.fr ID
P1816	National Portrait Gallery (London) person ID
P1818	Kaiserhof ID
P1819	genealogics.org person ID
P1821	Open Food Facts food category ID
P1822	DSH object ID
P1823	BAnQ work ID
P1825	Baseball-Reference.com major league player ID
P1826	Baseball-Reference.com minor league player ID
P1827	ISWC
P1828	IPI name number
P1829	Roud Folk Song Index number
P1832	GrassBase ID
P1837	Gaoloumi ID
P1838	PSS-archi ID
P1839	US Federal Election Commission ID
P1841	Swedish district code
P1842	Global Anabaptist Mennonite Encyclopedia Online ID
P1844	HathiTrust ID
P1847	Nasjonalbiblioteket photographer ID
P1848	protected areas INPN Code
P1849	SSR WrittenForm ID
P1850	SSR place name number
P1852	Perry Index
P1854	Kiev street code
P1866	Catholic Hierarchy diocese ID
P1869	Hall of Valor ID
P1870	Name Assigning Authority Number
P1871	CERL ID
P1874	Netflix ID
P1882	Web Gallery of Art ID
P1883	Declarator.org ID
P1886	Smithsonian volcano ID
P1888	Dictionary of Medieval Names from European Sources entry
P1890	BNC ID
P1893	OpenPlaques plaque ID
P1894	Danish urban area code
P1895	Fauna Europaea ID
P1899	LibriVox author ID
P1900	EAGLE id
P1901	BALaT person/organisation id
P1902	Spotify artist ID
P1907	Australian Dictionary of Biography ID
P1908	CWGC person ID
P1919	Ministry of Education of Chile school ID
P1920	CWGC burial ground ID
P1925	VIOLIN ID
P1928	Vaccine Ontology ID
P1929	ClinVar Variation ID
P1930	DSM-5
P1933	MobyGames ID
P1934	Animator.ru film ID
P1935	Database of Classical Scholars ID
P1936	Digital Atlas of the Roman Empire ID
P1937	UN/LOCODE
P1938	Project Gutenberg author ID
P1939	Dyntaxa ID
P1940	conifers.org ID
P1946	National Library of Ireland authority
P1947	Mapillary ID
P1948	BerlPap identifier
P1949	CulturaItalia ID
P1952	Encyclopaedia Metallum band ID
P1953	Discogs artist ID
P1954	Discogs master ID
P1955	Discogs label ID
P1958	Trismegistos Geo ID
P1959	Dutch Senate person ID
P1960	Google Scholar author ID
P1961	CTHS society ID
P1966	Biblioteca Nacional de Chile catalogue number
P1967	BoxRec ID
P1968	Foursquare venue ID
P1969	MovieMeter director ID
P1970	MovieMeter Movie ID
P1972	Open Hub ID
P1973	RSL editions
P1976	INEGI locality ID
P1977	Les Archives du Spectacle ID
P1978	USDA NDB number
P1979	Righteous Among The Nations ID
P1980	PolSys ID
P1982	Anime News Network person ID
P1983	Anime News Network company ID
P1984	Anime News Network manga ID
P1985	Anime News Network anime ID
P1986	Dizionario Biografico degli Italiani
P1988	Delarge ID
P1989	Encyclopaedia Metallum artist ID
P1992	Plazi ID
P1994	AllMusic composition ID
P1996	parliament.uk ID
P1997	Facebook Places ID
P2002	Twitter username
P2003	Instagram username
P2004	NALT ID
P2005	Catalogus Professorum Halensis
P2006	ZooBank author ID
P2007	ZooBank publication ID
P2008	IPNI publication ID
P2011	Cooper-Hewitt Person ID
P2013	Facebook profile ID
P2014	MoMA artwork id
P2015	Hansard (1803–2005) ID
P2016	Catalogus Professorum Academiae Groninganae id
P2018	Teuchos ID
P2019	AllMovie artist ID
P2020	WorldFootball.net ID
P2024	German cattle breed ID
P2025	Find A Grave cemetery ID
P2026	Avibase ID
P2027	Colour Index International constitution ID
P2028	United States Armed Forces service number
P2029	Dictionary of Ulster Biography ID
P2030	NASA biographical ID
P2034	Project Gutenberg ebook ID
P2036	African Plant Database ID
P2037	GitHub username
P2038	ResearchGate person ID
P2040	CITES Species+ ID
P2041	National Gallery of Victoria artist ID
P2042	Artsy artist ID
P2057	HMDB ID
P2062	HSDB ID
P2063	LIPID MAPS ID
P2064	KNApSAcK ID
P2065	NIAID ChemDB ID
P2070	Fellow of the Royal Society ID
P2071	Mémoire des hommes ID
P2072	CDB Chemical ID
P2074	internetmedicin.se ID
P2080	AcademiaNet ID
P2081	BLDAM object ID
P2082	M.49 code
P2083	Leadscope ID
P2084	ZINC ID
P2085	Nikkaji
P2086	CDD Public ID
P2087	Crunchbase person ID
P2088	Crunchbase organisation ID
P2089	Library of Congress JukeBox ID
P2090	Power of 10 athlete ID
P2091	FISA rower ID
P2092	Bildindex der Kunst und Architektur ID
P2099	BC Geographical Names ID
P2100	Banque de noms de lieux du Québec ID
P2106	RXNO Ontology
P2108	Kunstindeks Danmark artwork ID
P2115	NDF-RT ID
P2123	YerelNet village ID
P2153	PubChem Substance ID (SID)
P2158	Cell line ontology ID
P2161	Guthrie code
P2162	Deutsche Ultramarathon-Vereinigung ID
P2163	FAST ID
P2164	SIGIC author ID
P2165	SIGIC group ID
P2166	SIGIC institution ID
P2167	UNSPSC Code
P2168	SFDb person ID
P2169	PublicWhip ID
P2170	Hansard (2006–March 2016) ID
P2171	They Work for You ID
P2172	Parliamentary record identifier
P2173	BBC News Democracy Live ID
P2174	MoMA artist id
P2180	Kansallisbiografia ID
P2181	Finnish MP ID
P2182	Finnish Ministers database ID
P2185	DLI ID
P2186	Wiki Loves Monuments ID
P2187	BiblioNet publication ID
P2188	BiblioNet author ID
P2189	BiblioNet publisher ID
P2190	C-SPAN person ID
P2191	NILF author id
P2192	endangeredlanguages.com ID
P2193	Soccerbase player ID
P2194	PSS-Archi architect id
P2195	Soccerbase manager ID
P2205	Spotify album ID
P2206	Discogs release ID
P2207	Spotify track ID
P2209	SourceForge project
P2242	Florentine musea catalogue ID
P2249	Refseq Genome ID
P2252	National Gallery of Art artist ID
P2253	DfE URN
P2255	Debrett's People of Today ID
P2264	mix'n'match catalogue ID
P2266	Fashion Model Directory model ID
P2267	Politifact Personality ID
P2268	Musée d'Orsay artist ID
P2270	Emporis building complex ID
P2272	Hederich encyclopedia article ID
P2273	Heidelberg Academy for Sciences and Humanities member ID
P2276	UEFA player ID
P2277	Magdeburger Biographisches Lexikon
P2278	Member of the Hellenic Parliament ID
P2280	Austrian Parliament ID
P2281	iTunes album ID
P2282	Groeningemuseum work PID
P2287	CRIStin ID
P2290	Danish parish code
P2298	NSDAP membership number (1925–1945)
P2323	Swedish Olympic Committee athlete ID
P2326	GNS Unique Feature ID
P2327	ProCyclingStats race ID
P2328	ProCyclingStats team ID
P2330	Cycling Archives race ID
P2331	Cycling Archives team ID
P2332	Dictionary of Art Historians ID
P2333	Norwegian organisation number
P2334	Swedish Film Database film ID
P2335	SFDb company ID
P2336	SFDb soundtrack ID
P2337	SFDb group ID
P2338	Musopen composer ID
P2339	BoardGameGeek ID
P2340	CESAR person ID
P2342	AGORHA person/institution ID
P2344	AGORHA work ID
P2345	AGORHA event identifier
P2346	Elonet movie ID
P2347	YSO ID
P2349	Stuttgart Database of Scientific Illustrators ID
P2350	SpeedSkatingBase.eu ID
P2355	UNESCO Atlas of the World's Languages in Danger ID
P2367	Australian Stratigraphic Units Database ID
P2369	Soccerway player ID
P2372	ODIS ID
P2373	Genius artist ID
P2380	French Sculpture Census artist ID
P2381	Academic Tree ID
P2382	Chemins de mémoire ID
P2383	CTHS person ID
P2385	French diocesan architects ID
P2387	Elonet person ID
P2390	Ballotpedia ID
P2391	OKPO ID
P2393	NCBI Locus tag
P2394	MGI Gene Symbol
P2397	YouTube channel ID
P2398	MLS player ID
P2399	British Council artist ID
P2400	JMDb film ID
P2401	Six Degrees of Francis Bacon ID
P2409	CiNii article ID
P2412	Fashion Model Directory designer ID
P2413	Fashion Model Directory magazine ID
P2418	Structurae person ID
P2421	Prosopographia Attica
P2423	FIE fencer ID
P2424	Berlin cultural heritage ID
P2426	Xeno-canto species ID
P2427	GRID ID
P2428	RePEc Short-ID
P2431	Thyssen-Bornemisza artist ID
P2432	J. Paul Getty Museum artist id
P2434	Panarctic Flora ID
P2435	PORT person ID
P2446	Transfermarkt player ID
P2447	Transfermarkt manager ID
P2448	Turkish Football Federation player ID
P2449	Turkish Football Federation coach  ID
P2450	Encyclopædia Britannica contributor ID
P2451	MAME ROM
P2452	GeoNames feature code
P2454	KNAW past member ID
P2455	Species Profile and Threats Database ID
P2456	DBLP ID
P2457	Australian National Shipwreck ID
P2458	Mackolik.com player ID
P2459	IBU biathlete ID
P2460	Persons of Ancient Athens
P2461	ComLaw ID
P2463	elibrary.ru organisation ID
P2464	BugGuide ID
P2465	Allcinema film ID
P2467	Global Geoparks Network ID
P2468	Theatricalia theatre ID
P2469	Theatricalia person ID
P2470	Talouselämän vaikuttajat ID
P2471	Models.com person ID
P2472	ACMA Radiocommunications Licence ID
P2473	IGCPV ID
P2474	CDLI ID
P2475	NAVA ID
P2476	HNI person/institution ID
P2477	TBRC Resource ID
P2478	Railways Archive event ID
P2479	SPDX ID
P2480	IHO Hydrographic Dictionary (S-32) Number
P2481	Elite Prospects player ID
P2482	SABR ID
P2483	NCES District ID
P2484	NCES School ID
P2485	Fashion Model Directory photographer ID
P2486	Fashion Model Directory brand ID
P2487	page at website of Belarus Geocenter
P2489	page at hram.by
P2491	Radzima.org ID
P2492	MTMT author ID
P2493	OM institution ID
P2494	Latvian cultural heritage register ID
P2496	Latvian toponymic names database ID
P2497	Latvian National Address Register ID
P2498	Catalan Biographical Dictionary of Women ID
P2503	Genealogical Gazetteer (GOV) ID
P2504	Norwegian municipality number
P2506	INSEE canton code
P2508	KINENOTE film ID
P2509	Movie Walker ID
P2510	National Discography of Italian Song artist/group ID
P2511	MSK Gent work PID
P2513	Jamendo album ID
P2514	Jamendo artist ID
P2516	Australian Ramsar site ID
P2518	Scope.dk film ID
P2519	Scope.dk person ID
P2524	SEED number
P2525	Ramsar Sites Information Service ID
P2526	National Historic Sites of Canada ID
P2529	ČSFD film ID
P2530	Box Office Mojo franchise ID
P2531	Box Office Mojo studio ID
P2533	WomenWriters ID
P2536	Sandbox-External identifier
P2537	Free Software Directory entry
P2538	Nationalmuseum Sweden artist ID
P2539	Nationalmuseum Sweden artwork ID
P2549	Italian Senate of the Republic ID
P2558	autores.uy database id
P2566	ECHA InfoCard ID
P2574	National-Football-Teams.com player ID
P2576	UCSC Genome Browser assembly ID
P2580	Baltisches Biographisches Lexikon digital ID
P2581	BabelNet id
P2582	J. Paul Getty Museum object ID
P2584	Australian Wetlands Code
P2585	INSEE region code
P2586	INSEE department code
P2588	administrative code of Indonesia
P2589	Statistics Indonesia ethnicity code
P2590	BPS language code
P2592	Québec cultural heritage directory people identifier
P2593	Latvian Olympic Committee athlete ID
P2600	Geni.com profile ID
P2601	Eurohockey.com player ID
P2602	HockeyDB.com player ID
P2603	Kinopoisk film ID
P2604	Kinopoisk person ID
P2605	ČSFD person ID
P2606	PlayStation ID
P2607	BookBrainz creator ID
P2611	TED speaker ID
P2612	TED topic ID
P2613	TED talk ID
P2618	SHOWA ID
P2619	Hungarian company ID
P2620	ISO 15924 numeric code
P2621	Site of Special Scientific Interest (England) ID
P2622	Companies House ID
P2623	MEK ID
P2624	MetroLyrics ID
P2625	PASE ID
P2626	DNF person ID
P2627	ISO 9362 SWIFT/BIC code
P2628	German tax authority ID
P2631	Turner Classic Movies film ID
P2636	Minkultury film ID
P2638	TV.com ID
P2639	Filmportal ID
P2640	Swimrankings.net swimmer ID
P2641	Davis Cup player ID
P2642	Fed Cup player ID
P2646	mirTarBase ID
P2648	Cycling Quotient ID men's race ID
P2651	CRICOS Provider Code
P2655	Estyn ID
P2657	EU transparency register ID
P2666	Datahub page
P2671	Google Knowledge Graph identifier
P2672	SOATO ID
P2678	Russiancinema.ru film ID
P2683	Bekker Number
P2685	Basketball-Reference.com NBA player ID
P2686	Opensecrets Identifier
P2687	NDL JPNO
P2688	Box Office Mojo person ID
P2689	BARTOC ID
P2694	ISU figure skater ID
P2696	FIG gymnast licence number
P2697	ESPNcricinfo.com player ID
P2698	CricketArchive player ID
P2703	BFI work ID
P2704	EIDR identifier
P2705	Karate Records ID
P2708	Cycling Quotient women's race ID
P2709	Cycling Quotient female cyclist ID
P2721	Encyclopaedia Metallum release ID
P2722	Deezer artist ID
P2723	Deezer album ID
P2724	Deezer track ID
P2725	GOG application ID
P2726	UIPM ID
P2727	United World Wrestling ID
P2728	CageMatch worker ID
P2729	Badminton World Federation ID
P2730	ISSF ID
P2731	Projeto Excelências ID
P2732	Persée author ID
P2733	Persée journal ID
P2734	UNZ author identifier
P2735	UNZ journal identifier
P2736	Biographical Directory of Federal Judges ID
P2740	ResearchGate institute ID
P2741	Tate artist identifier
P2742	Australian Geological Provinces ID
P2745	Dictionary of New Zealand Biography
P2748	PRONOM file format identifier
P2749	PRONOM software identifier
P2750	Photographers' Identities Catalog ID
P2751	Roller Coaster Database ID
P2752	New Zealand Organisms Register ID
P2753	Dictionary of Canadian Biography ID
P2755	exploitation visa number
P2759	AUSNUT food ID
P2760	NUTTAB food ID
P2761	Research Papers in Economics Series handle
P2762	Skyscraper Center building complex ID
P2763	Danish protected area ID
P2764	Wrestlingdata person ID
P2765	blue-style.com ID
P2766	ISO 4063 process number
P2767	JudoInside.com ID
P2768	BNE journal ID
P2771	D-U-N-S
P2772	FIS alpine skier ID
P2773	FIS cross-country skier ID
P2774	FIS freestyle skier ID
P2775	FIS ski jumper ID
P2776	FIS Nordic combined skier ID
P2777	FIS snowboarder ID
P2778	IAT triathlete ID
P2779	IAT weightlifter ID
P2780	IAT diver ID
P2782	Models.com client ID
P2783	Danish listed buildings case ID
P2788	Czech neighbourhood ID code
P2792	ASF KID Cave Tag Number
P2794	Index Hepaticarum ID
P2796	3DMet ID
P2798	Loop ID
P2799	BVMC person ID
P2800	Beach Volleyball Database ID
P2801	FIVB beach volleyball player ID
P2804	World Sailing member ID
P2805	Goratings ID
P2809	Australasian Pollen and Spore Atlas Code
P2810	LPGA Tour ID
P2811	PGA Tour ID
P2812	MathWorld identifier
P2814	P-number
P2815	ESR station code
P2816	HowLongToBeat ID
P2818	Sherdog ID
P2819	Yandex.Music album ID
P2823	Royal Belgian Football Association player ID
P2824	Gazetteer of Planetary Nomenclature ID
P2826	Megogo ID
P2829	Internet Wrestling Database ID
P2830	Online World of Wrestling ID
P2832	Joint Electronics Type Designation Automated System designation
P2833	ARKive ID
P2840	NSC number
P2843	Benezit ID
P2845	RAN ID
P2847	Google+ ID
P2850	iTunes artist ID
P2856	EU Surface Water Body Code
P2857	WWE.com superstar ID
P2858	KLOV ID
P2861	Leidse Hoogleraren ID
P2862	Catalogus Professorum Academiae Rheno-Traiectinae ID
P2863	Nederlandse Molendatabase ID
P2864	OpenCritic ID
P2865	band number
P2866	Hollandsche Molen ID
P2867	Molenecho's ID
P2870	miRBase pre-miRNA ID
P2871	miRBase mature miRNA ID
P2874	PubChem BioAssay ID (AID)
P2877	SureChEMBL ID
P2878	Minitel code
P2879	Library of the National Congress of Argentina ID
P2880	NIOSHTIC-2 ID
P2883	HKMDb film ID
P2886	Shakeosphere person ID
P2887	reserve number (Canada)
P2889	FamilySearch person ID
P2892	UMLS CUI
P2897	Eldoblaje Movie ID
P2898	Swedish county letter
P2903	Molendatabase verdwenen molens ID
P2904	Beer Advocate brewery ID
P2905	RateBeer brewery ID
P2908	SecondHandSongs song ID
P2909	SecondHandSongs artist ID
P2914	MSBI person ID
P2915	ECARTICO person ID
P2917	COAM structure ID
P2924	Great Russian Encyclopedia Online ID
P2926	InterPro ID
P2930	INSPIRE-HEP author ID
P2931	Encyclopedia of Triangle Centers identifier
P2938	Pleiades place type identifier
P2939	CageMatch tag team ID
P2940	Catalogus Professorum Rostochiensium ID
P2941	Munk's Roll ID
P2942	Dailymotion channel ID
P2943	warheroes.ru ID
P2944	Plarr ID
P2945	British Book Trade Index ID
P2946	BacDive ID
P2948	Estonian cultural monument ID
P2949	WikiTree ID
P2950	Nomisma ID
P2951	Cultural heritage database in Austria ObjektID
P2952	boat of heritage interest ID
P2953	Estonian Research Portal person ID
P2954	Transferred Account Data Interchange Group Code
P2956	NAIF ID
P2961	BVPH ID
P2963	Goodreads author ID
P2965	EU River Basin District code
P2966	National Library of Wales ID
P2967	Queensland Heritage Register ID
P2968	QUDT unit ID
P2969	Goodreads book ID
P2970	Kinopolis film ID
P2971	GCatholic church ID
P2972	SNAP ID
P2973	Spenserians person ID
P2977	LBT person ID
P2980	ARLHS Lighthouse ID
P2981	UIC alphabetical country code
P2982	UIC numerical country code
P2983	UNDP country code
P2984	Snapchat username
P2985	DSBE ID
P2986	aircraft registration prefix
P2987	Taekwondo Data ID
P2988	GOST 7.67 cyrillic
P2990	FIL ID
P2991	IBSF ID
P3002	Untappd brewery ID
P3003	zanikleobce.cz abandoned objects ID
P3004	Galiciana work ID
P3006	Marine Regions Geographic ID
P3007	Cadw Monument ID
P3008	Australian Heritage Database Place ID
P3009	Conservatoire du littoral ID
P3010	World Archery athlete ID
P3012	Standard Geographical Classification code
P3016	French national research structure identifier
P3017	Rolling Stone artist ID
P3021	Iranica ID
P3023	Legacies of British Slave-ownership person ID
P3024	ITU letter code
P3029	UK National Archives ID
P3031	EPPO Code
P3034	Indonesian ethnicity code
P3035	ISBN publisher prefix
P3038	IWM memorial ID
P3040	SoundCloud ID
P3042	CageMatch wrestling stable id
P3043	Scoresway soccer person ID
P3044	College Football HoF ID
P3045	HanCinema person ID
P3046	ForaDeJogo player ID
P3047	TheFinalBall player ID
P3048	racing-reference driver ID
P3049	Scottish Football Association player ID
P3050	FACR player ID
P3051	Kindred Britain ID
P3052	Bloomberg person ID
P3053	K League player ID
P3054	Ontario MPP ID
P3055	NAQ elected person ID
P3056	Turner Classic Movies person ID
P3057	Charity Commission no.
P3058	Architectuurgids architect ID
P3059	Architectuurgids building ID
P3060	ButMoth ID
P3061	Basisregistratie Instellingen number
P3064	LepIndex ID
P3065	RERO ID
P3066	GLAM Identifier
P3068	WIPO ST.3
P3069	UN document symbol
P3072	Storting person ID
P3073	CosIng number
P3074	Grace's Guide ID
P3076	Open Beauty Facts category ID
P3077	Cineplex film ID
P3083	SIMBAD ID
P3088	Catalogue of Life in Taiwan ID
P3089	Flags of the World ID
P3097	ISBN identifier group
P3098	ClinicalTrials.gov Identifier
P3099	Internet Bird Collection species ID
P3100	Flora of Australia ID
P3101	FloraBase ID
P3102	Plantarium ID
P3104	Gares & Connexions ID
P3105	Tela Botanica ID
P3106	Guardian topic ID
P3107	LdiF ID
P3108	Yelp ID
P3109	Peakbagger mountain ID
P3110	ISzDb film ID
P3111	FEI ID
P3112	DistroWatch ID
P3114	ISzDb person ID
P3115	ISzDb company ID
P3116	ISzDb dub ID
P3117	DSSTOX substance identifier
P3118	OpenDomesday settlement ID
P3119	Code for China Reservoir Name
P3120	TOID
P3121	Epguides ID
P3122	OpenDomesday person ID
P3123	Stanford Encyclopedia of Philosophy ID
P3124	Polish scientist ID
P3125	EDRPOU code
P3126	ALCUIN ID
P3127	Latindex ID
P3128	CiNetMag film ID
P3129	cine.gr film ID
P3130	NSW Flora ID
P3131	Redalyc journal ID
P3133	NSZL name authority ID
P3134	TripAdvisor ID
P3135	elCinema film ID
P3136	elCinema person ID
P3138	OFDb ID
P3139	SourehCinema film ID
P3140	SourehCinema person ID
P3141	EDb film ID
P3142	EDb person ID
P3143	elFilm film ID
P3144	elFilm person ID
P3145	Sratim ID
P3146	CiNetMag person ID
P3147	United States Reports ID
P3151	iNaturalist taxon ID
P3152	Findsmiley ID
P3153	Crossref funder ID
P3154	Runeberg author ID
P3155	Runeberg book ID
P3159	UGentMemorialis ID
P3160	Minnesota legislator ID
P3162	Rock Hall of Fame ID
P3163	Scottish Charity number
P3165	Horsetelex ID
P3166	Webpedigrees ID
P3167	Allbreedpedigree ID
P3168	Sporthorse data ID
P3169	Harasire ID
P3170	Cultural Heritage Armenia ID
P3171	International Olympic Committee athlete ID
P3172	World Bridge Federation ID
P3175	Statoids ID
P3177	Patrimonio Web JCyL ID
P3178	Zaragoza monument ID
P3180	Visual Novel Database ID
P3181	OpenCitations bibliographic resource ID
P3182	FANTOIR code
P3183	WSJ topic ID
P3184	Czech National Bibliography book ID
P3185	VKontakte username
P3186	TAXREF ID
P3187	Marburger Professorenkatalog ID
P3188	Nobel prize ID
P3191	IMIS person ID
P3192	Last.fm music ID
P3193	GS1 Manufacturer code
P3194	INA video ID
P3196	USGS earthquake id
P3197	Federal Heritage Buildings ID (Canada)
P3198	JewishGen Locality ID
P3199	charity number (Isle of Man)
P3200	Northern Ireland charity number
P3201	Medical Dictionary for Regulatory Activities ID
P3202	UAI code
P3203	Ciné-Ressources film ID
P3204	Ciné-Ressources person ID
P3206	data.gouv.fr ID
P3207	Vine user ID
P3208	New General Catalogue ID
P3209	Heritage Railway Station of Canada ID
P3211	Heritage Lighthouse of Canada ID
P3212	ISAN
P3213	Indian census area code
P3215	FR SIRET number
P3217	Dictionary of Swedish National Biography
P3218	Auñamendi ID
P3219	Encyclopædia Universalis Online ID
P3220	KvK company ID
P3221	NYT topic ID
P3222	NE.se ID
P3223	Online List of Lights id
P3224	NAICS code
P3225	Corporate Number (Japan)
P3226	HAS member ID
P3227	Cultural Heritage Kosovo ID
P3229	South Dakota legislator ID
P3230	SCAR Composite Gazetteer place ID
P3231	Mediaarts-DB ID
P3232	PhilPapers author ID
P3233	PhilPapers profile
P3234	Library of Congress Cultural Heritage Organizations
P3235	PhilPapers topic
P3236	PhilPapers publication ID
P3237	KU Leuven person ID
P3240	NBN System Key
P3241	Catholic Encyclopedia ID
P3242	SIC code
P3243	OKVED 1.1 code of the economic activity
P3245	OKPD code of the good or service
P3246	OKVED 2 code of the economic activity
P3248	OKP ID of the good or service
P3250	OKPD2 code of the good or service
P3256	Cave E-Cadastre ID
P3257	Queensland place ID
P3258	LiveJournal ID
P3265	Myspace ID
P3266	LocFDD ID
P3267	Flickr user ID
P3269	Fotografen.nl ID
P3272	Zeri image ID
P3273	Actorenregister ID
P3276	Angel List ID
P3277	KANTL member ID
P3280	BanQ author ID
P3281	French National Assembly Lobbyist ID
P3283	Bandcamp artist ID
P3284	Yahoo! Japan Talent Database ID
P3285	Mathematics Subject Classification ID
P3286	Squash Info ID
P3288	World Spider Catalog ID
P3289	Cellosaurus ID
P3290	biography at the Landtag of Mecklenburg-Vorpommern
P3291	DocCheck Flexikon En ID
P3292	DocCheck Flexikon De ID
P3293	BALaT image ID
P3296	DRÚSOP ID
P3297	Flemish Parliament person ID
P3298	Belgian Senate person ID
P3299	student register of the University of Helsinki ID (1640–1852)
P3302	Open Media Database film ID
P3304	NGS pumping station ID
P3305	KINENOTE person ID
P3307	Galiciana Author ID
P3308	lib.reviews ID
P3309	SummitPost mountain ID
P3314	365chess player ID
P3315	chesstempo ID
P3316	ICCF player ID
P3318	Patrimonio Inmueble de Andalucía ID
P3322	Vlinderstichting-ID
P3324	petit-patrimoine.com ID
P3325	student register of the University of Helsinki ID (1853–1899)
P3326	World Waterfall Database ID
P3327	Réserves naturelles de France ID
P3328	wurvoc.org measure ID
P3329	CIViC variant ID
P3330	Supermodels.nl ID
P3331	HGVS nomenclature
P3332	ACM Digital Library citation ID
P3333	ACM Digital Library event ID
P3338	Encyclopedia of Surfing ID
P3339	World Surf League ID
P3340	Kvikmyndir film ID
P3341	Kvikmyndir person ID
P3343	legislation.gov.uk ID
P3344	Vote Smart ID
P3345	RxNorm CUI
P3346	HKMDb person ID
P3347	PermID
P3348	National Library of Greece ID
P3350	WHO international non-proprietary names ID
P3351	Adult Film Database person ID
P3352	musipedia tune ID
P3353	National Recreation Trails Database ID
P3360	Nobel Prize People Nomination ID
P3361	PictoRight ID code
P3363	Tennis HoF player ID
P3365	Treccani ID
P3366	GECD person ID
P3367	GECD film ID
P3368	Prabook ID
P3370	Géopatronyme ID
P3371	Observatoire du Patrimoine Religieux ID
P3372	Auckland Art Gallery artist ID
P3375	GECD Firmen-ID
P3376	Enterprise number (Belgium)
P3377	Bloomberg private company ID
P3378	Merck Index reaction ID
P3379	Model Manual ID
P3380	FAO 2007 genetic resource ID
P3381	File Format Wiki page ID
P3382	GeneDB ID
P3385	Japan Sumo Association ID
P3386	French Sculpture Census work ID
P3388	LittleSis people ID
P3389	Royal Swedish Academy of Letters member ID
P3390	Consolidated code of the electronic catalog of libraries of Belarus
P3391	Verkhovna Rada MP ID
P3392	Surman ID
P3393	LittleSis organisation ID
P3394	Finnish Lake ID
P3396	French Catholic Church structure ID
P3397	Guide of the French Church person ID
P3398	Butterflies and Moths of North America ID
P3399	JTWC tropical cyclone ID
P3400	CORDIS Project ID
P3401	Wilderness.net ID
P3404	The Vogue List ID
P3405	Nederlands Soortenregister ID
P3406	Saccharomyces Genome Database ID
P3407	Klosterdatenbank ID
P3408	FINA athlete ID
P3409	Catalogus Professorum Lipsiensis ID
P3410	Clergy of the Church of England database ID
P3411	Saxon Academy of Sciences member ID
P3412	Canadian Environmental Sustainability Indicators ID (Protected areas)
P3413	Leopoldina member ID
P3414	Yle Areena ID
P3417	Quora topic ID
P3418	Google Play Store ID
P3419	Basic Unit of Settlement code (Czech/Slovak)
P3420	Calflora ID
P3421	Belvedere artist ID
P3422	INSEE countries and foreign territories code
P3423	INSEE arrondissement code
P3424	Polish cultural heritage register number
P3425	Natura 2000 site ID
P3426	ArbetSam ID
P3427	AS.com athlete ID
P3429	Electronic Enlightenment ID
P3430	SNAC Ark ID
P3431	Publons Publication ID
P3434	ERIH PLUS ID
P3435	VGMdb artist ID
P3436	AELG ID
P3442	Debian stable package
P3443	Victorian Heritage Database ID
P3444	eBird ID
P3445	Cinema of Israel ID
P3446	FIDAL ID
P3449	NSW Heritage database ID
P3453	IPI base code
P3454	Arch package
P3455	CircleID
P3456	ATP tennis tournament ID
P3458	CNC authorization number
P3459	Euring number
P3462	FAMA work ID
P3463	Fedora package
P3466	Israeli CBS municipal ID
P3467	Inventario Sculture - Polo Museale Fiorentino
P3468	National Inventors Hall of Fame ID
P3469	WTA tennis tournament ID
P3470	Woodland Trust wood ID
P3471	WikiSkripta ID
P3472	VICNAMES Place ID
P3473	Ubuntu package
P3475	SANU member ID
P3476	PSA World Tour ID
P3477	Nihon Tarento Meikan ID
P3478	Songkick artist ID
P3479	Omni topic ID
P3480	base Mémoire reference
P3481	Parks & Gardens UK Record ID
P3482	Europeana Fashion creator ID
P3483	VGMdb album ID
P3495	FilmPolski.pl ID
P3498	ZNIEFF ID
P3499	Gentoo package
P3500	Ringgold ID
P3502	Ameblo username
P3503	LombardiaBeniCulturali building ID
P3504	Florentine Inventario Palatina art ID
P3505	BoardGameGeek designer ID
P3506	Luding designer ID
P3507	Bivouac.com mountain ID
P3509	Dagens Nyheter topic ID
P3511	VGMDb organization ID
P3513	peakware mountain ID
P3514	U.S. National Geodetic Survey ID
P3515	NPCA ID
P3516	National Park Foundation ID
P3517	Geographical Names Board of New South Wales ID
P3518	Smithsonian trinomial
P3519	Pfam ID
P3520	databaseOlympics.com athlete ID
P3521	EuroTour golf player ID
P3522	NHL.com player ID
P3523	Rfam ID
P3524	Simple Modular Architecture Research Tool ID
P3525	acb.com ID
P3526	wisdenindia.com ID
P3527	eurobasket.com ID
P3528	Luding game ID
P3531	AZBilliards ID
P3532	databaseFootball.com ID
P3533	draftexpress.com ID
P3534	Australian Government Organisations Register ID
P3535	JapanTour golf player ID
P3536	euroleague.net ID
P3537	FootballDatabase.eu ID
P3538	Fussballdaten.de ID
P3539	NFL.com ID
P3541	MLB ID
P3542	FIBA player ID
P3544	Te Papa person ID
P3545	Theoi Project ID
P3546	AustralianFootball.com ID
P3547	AFL Tables ID
P3548	Australian Business Number
P3549	Australian Company Number
P3550	Australian Register of Therapeutic Goods ID
P3551	Australian Registered Body Number
P3552	Australian Registered Scheme Number
P3553	Zhihu topic ID
P3554	World Series of Poker ID
P3555	World Guide to Covered Bridges ID
P3556	World Curling Tour ID
P3557	World Curling Federation ID
P3558	USCF ID
P3560	College Football Data Warehouse ID
P3561	pro-football-reference ID
P3562	Admiralty number
P3563	NGA Lighthouse ID
P3564	Global Poker Index ID
P3565	J.League player ID
P3566	Just Sports Stats ID
P3567	HHOF.com NHL player ID
P3568	OWGR ID
P3569	Cultureel Woordenboek identifier
P3570	European Case Law id
P3571	ESPN.com MLB player ID
P3572	ESPNcricinfo playing ground ID
P3573	European Handball Federation ID
P3574	Fangraphs ID
P3576	TLG author ID
P3577	Croatian Football Federation player ID
P3579	Sina Weibo ID
P3580	SIPCA code
P3581	Pro Football Hall of Fame ID
P3582	SunshineTour ID
P3583	Surfline ID
P3584	ITRA runner ID
P3585	UltraSignup runner ID
P3586	CricketArchive playing ground ID
P3587	Common Vulnerabilities and Exposures ID
P3588	WNBA player ID
P3589	GCD series ID
P3590	Relations Ontology ID
P3591	WCSPF ID
P3593	AFI Catalog of Feature Films ID
P3594	Araneae Spider ID
P3595	BLF article ID
P3596	Danish ancient monument ID
P3597	F-Droid package
P3598	Hockey-reference player ID
P3599	archival creator authority record at the Archives nationales
P3600	protected heritage site in Brussels ID
P3601	MarineTraffic Lighthouse ID
P3603	Minneapolis Institute of Art Constituent ID
P3604	ITU triathlete ID
P3605	90minut player ID
P3606	BOLD Systems taxon ID
P3607	Booking.com hotel ID
P3608	EU VAT number
P3609	Recreation.gov area ID
P3611	Borden Code
P3612	Le Monde diplomatique subject ID
P3613	Naturvårdsregistret ID
P3614	DigDag ID
P3615	Vision of Britain unit ID
P3616	Vision of Britain place ID
P3619	ski-db.com skier ID
P3620	BWFbadminton.com player ID
P3621	Darts Database player ID
P3622	rusbandy player ID
P3623	BadmintonLink player ID
P3624	CWE ID
P3626	Australian Antarctic Gazetteer ID
P3627	Historical Gazetteer of England's Place Names ID
P3628	British History Online VCH ID
P3630	Babelio author ID
P3631	Babelio work ID
P3632	British Museum thesaurus ID
P3633	British Museum place ID
P3634	The Met object ID
P3635	Peakbagger area ID
P3636	PDB ligand ID
P3637	European Medicines Agency product number
P3638	Oorlogsmonument ID
P3639	KEPN ID
P3640	National Drug Code
P3641	Uniform Type Identifier
P3642	ARCHON code
P3644	FFR player ID
P3645	All Blacks player ID
P3646	Basketball Hall of Fame ID
P3647	NBA player ID
P3651	American Hockey League player ID
P3652	Kontinental Hockey League player ID
P3653	ARRS runner ID
P3654	Chess.com player ID
P3655	BDFutbol player ID
P3656	Cross-tables.com Scrabble player ID
P3657	Croatian Football Statistics ID
P3658	DZFoot.com player ID
P3659	Estonian Football Association player ID
P3660	FootballFacts.ru player ID
P3661	ForaDeJogo manager ID
P3662	Football Federation of Ukraine player ID
P3663	Fotbal DNES player ID
P3664	Futsal Planet player ID
P3665	L'Équipe football player ID
P3666	EPCR player ID
P3667	International Weightlifting Federation ID
P3668	Sambafoot player ID
P3669	Swimming Australia swimmer ID
P3670	Tennis Archives player ID
P3671	USA Gymnastics athlete ID
P3672	International Orienteering Federation athlete ID
P3673	film-documentaire.fr film ID
P3674	Mutopia composer ID
P3675	Hans Christian Andersen Centre work ID
P3676	National Bridge Inventory Number
P3677	Wereld van Oranje player ID
P3678	SA Rugby player ID
P3681	ESPNFC.com player ID
P3682	Australian Olympic Committee athlete ID
P3683	LFP player ID
P3684	DriverDB driver ID
P3685	ESPN.com NBA player ID
P3686	ESPN.com NFL player ID
P3687	ESPN.com NHL player ID
P3689	ICF canoer ID
P3690	IFSC climber ID
P3691	ISHOF swimmer ID
P3692	NCAA sports team ID
P3693	ShorttrackOnLine speed skater ID
P3694	SpeedSkatingNews.info speed skater ID
P3695	SpeedSkatingStats speed skater ID
P3696	SRCBB player ID
P3697	SRCFB player ID
P3698	Tennis Australia player ID
P3699	Transfermarkt referee ID
P3700	NHF player ID
P3702	Catalogue of Illuminated Manuscripts ID
P3703	JMDb person or company ID
P3704	KMDb film ID
P3705	RITVA Program ID
P3706	RITVA Person ID
P3707	Gridabase glacier ID
P3708	PhDTree person ID
P3710	Jewish Encyclopedia Daat ID
P3711	Vanderkrogt.net Statues ID
P3714	Recreation.gov facility ID
P3715	NISH Hall of Fame ID
P3717	MEROPS enzyme ID
P3718	NCMEC person ID
P3720	GPnotebook ID
P3723	USCG Lighthouse ID
P3724	USHMM Holocaust Encyclopedia ID
P3725	CEV player ID
P3726	Eu-football.info player ID
P3727	Serbia municipality ID
P3728	New Zealand Heritage List number
P3731	Serbia cadastral municipality ID
P3732	PhilPapers record
P3733	MOOMA artist ID
P3735	Yad Vashem Encyclopedia of the Ghettos ID
P3736	Eurovision Song Contest song ID
P3742	FIH player ID
P3743	ITU/ISO/IEC object identifier
P3745	World Rugby Sevens Series ID
P3746	Wildflowers of Israel ID
P3747	SSRN author ID
P3748	Israel Football Association national team player ID
P3749	Google Maps CID
P3750	KMDb documentary ID
P3751	Shoftim BeIsrael judge ID
P3758	DOCOMOMO Ibérico ID
P3759	SAHRA heritage site ID
P3760	Iditarod musher ID
P3762	openMLOL author ID
P3763	MIMO instrument ID
P3765	All-Athletics.com ID
P3766	European Athletics ID
P3767	FFA ID
P3768	Medieval Libraries of Great Britain ID
P3769	It's Rugby ID
P3770	PeakFinder ID
P3782	Artnet artist ID
P3783	Christie's work ID
P3784	CiteSeerX article ID
P3785	danskefilm film ID
P3786	danskefilm person ID
P3787	danskefilm silent film ID
P3788	BNA authority ID
P3789	Telegram username
P3790	AnimeCons.com ID
P3791	Art Renewal Center ID
P3794	Dictionary of Sydney ID
P3795	Flora of Israel plant ID
P3796	Bureau of Meteorology station ID
P3797	autonomous system number
P3798	Star Wars Databank ID
P3799	Safsal player ID
P3800	Safsal coach ID
P3801	INEGI municipality ID
P3802	Launchpad.net project ID
P3804	TV Guide show ID
P3805	Tax-exempt heritage asset ID
P3806	Mapa place ID
P3807	S2A3 Biographical Database ID
P3808	The Numbers movie ID
P3809	YerelNET district ID
P3810	Parks.it ID
P3811	Evidence & Conclusion Ontology ID
P3812	Elle.fr person ID
P3813	Bivouac.com pass ID
P3814	BoF person ID
P3817	FI WarSampo person ID
P3819	FI WarSampo army unit ID
P3820	Flanders Arts Institute venue ID
P3821	Bangla Movie Database ID
P3824	VTJ-PRT building ID
P3825	United States Statutes at Large citation
P3826	Welsh Rugby Union player ID
P3827	JSTOR topic ID
P3829	Publons author ID
P3830	CueTracker player ID
P3832	Europeana Fashion Vocabulary ID
P3835	Mendeley person ID
P3836	Pinterest username
P3837	United States Public Law
P3838	Tab4u song ID
P3839	Tab4u artist ID
P3841	Human Phenotype Ontology ID
P3843	DLV athlete ID
P3844	Deutsche Synchronkartei film ID
P3845	TV Guide person ID
P3846	DBC author ID
P3847	Open Library subject ID
P3848	Irish Rugby Football Union ID
P3849	LombardiaBeniCulturali institution ID
P3850	LombardiaBeniCulturali toponym ID
P3851	cinenacional.com movie ID
P3852	FlyBase Gene ID
P3853	Rat Genome Database ID
P3854	Soundtrack Collector ID
P3855	LombardiaBeniCulturali artwork ID
P3856	Quebec municipalities geographical code
P3857	cinenacional.com person ID
P3859	Environment Ontology ID
P3860	Wormbase Gene ID
P3861	iTunes app ID
P3862	MyDramaList name ID
P3863	Italian Navy Lighthouses and Beacons ID
P3866	LAWA waterbody ID
P3867	Israel Chess Federation player ID
P3868	MyDramaList title ID
P3869	IAFD female performer ID
P3870	ZFIN Gene ID
P3874	Justia Patents inventor ID
P3875	Justia Patents company ID
P3877	HappyCow restaurant ID
P3881	National Track & Field Hall of Fame athlete ID
P3882	Tilastopaja female athlete ID
P3883	Red Bull athlete ID
P3884	Tilastopaja male athlete ID
P3885	History of Modern Biomedicine ID
P3887	KVAB member ID
P3888	Boijmans artist ID
P3889	Swiss Federal Archives ID
P3890	MetaboLights Compound ID
P3892	PictoRight ID-Droit de suite
P3894	OSTI article ID
P3895	INAO product ID
P3897	Ladies European Tour ID
P3898	Hotels.com hotel ID
P3899	Medium username
P3900	CONICET person ID
P3901	ADAGP artist ID
P3904	VIVC grape variety ID
P3905	GINCO ID
P3906	Ishim ID
P3907	LoJ peak ID
P3908	Reprezentacija ID
P3910	Bollywood Hungama person ID
P3911	STW Thesaurus for Economics ID
P3913	MobyGames developer ID
P3914	GuideStar Israel organization ID
P3915	Athletics Australia athlete ID
P3916	UNESCO Thesaurus ID
P3918	Répertoire national des associations identifier
P3920	Canadian Coastguard Lighthouse ID
P3923	Diamond League athlete ID
P3924	Track and Field Statistics female athlete ID
P3925	Track and Field Statistics male athlete ID
P3926	USATF athlete ID
P3927	eWRC-results.com racer ID
P3928	MotoGP racer ID
P3929	V&A art work ID
P3930	Rallye-info.com driver or co-driver ID
P3932	Digital Valencian Library author ID
P3933	Cinema ID
P3935	Chamber of Deputies of Italy storia ID
P3936	NFF person profile ID
P3937	Reactome ID
P3939	ESTC citation number
P3940	OlimpBase Chess Olympiad player ID
P3941	Israel Antiquities Authority ID
P3942	Bmx-results.com rider ID
P3943	Tumblr ID
P3944	Old Bailey Proceedings ID
P3945	RANM member ID
P3946	Directorio Grierson ID
P3948	MLL player ID
P3949	Juwra.com ID
P3951	BioRxiv ID
P3952	Stereo Ve Mono artist ID
P3953	ALPG golfer ID
P3954	Italian Senate ID
P3955	NLL player ID
P3956	National Academy of Medicine (France) MemberID
P3957	RealGM basketball player ID
P3958	ENARD athlete ID
P3959	NNL work ID
P3960	Base biographique AUTOR ID
P3961	Unifrance film ID
P3962	Global Trade Item Number
P3963	Clochers de France ID
P3964	BDCYL authority ID
P3965	Bridgeman artist ID
P3968	CETS number
P3971	PASE Domesday person ID
P3972	PASE Domesday place
P3973	PIM authority ID
P3974	nature preserve in North Rhine-Westphalia ID
P3976	BVMC work ID
P3977	Songkick venue ID
P3978	IECIC 2015 ID
P3979	Unifrance company ID
P3980	Unifrance person ID
P3981	Misjonsarkiv person ID
P3982	TA98 Latin term
P3984	subreddit
P3986	Sequence Ontology ID
P3987	SHARE Catalogue author ID
P3988	National Library Board Singapore ID
P3990	BG EKATTE place ID
P3991	Austrian Textbook ID
P3992	SSB urban settlement number
P3993	Vitaskrá ID
P3995	Filmweb.pl ID
P3996	Bait La Zemer Ha-Ivri song ID
P3997	Bait La Zemer Ha-Ivri artist ID
P3998	Censo-Guía archive ID
P4003	official Facebook page
P4005	Bavarikon ID
P4007	DBS ID
P4008	Early Aviators people ID
P4009	RKY national built heritage environment ID
P4011	Semantic Scholar paper ID
P4012	Semantic Scholar author ID
P4013	Giphy username
P4014	Australian Statistical Geography 2011 ID
P4015	Vimeo username
P4016	SlideShare username
P4017	Ustream username
P4018	The Arabidopsis Information Resource Accession
P4019	USL player ID
P4021	danskefilm animated film ID
P4022	danskefilm TV series ID
P4023	DFB datacenter player ID
P4024	ADW taxon ID
P4025	Pinakothek artist ID
P4026	Cullum number
P4027	National Discography of Italian Song work ID
P4028	Google Scholar paper ID
P4029	Latvian Protected Nature Territory ID
P4030	PLU Code
P4031	Hungarian NGO ID
P4033	Mastodon address
P4034	Shironet artist ID
P4035	Shironet song ID
P4037	South Australian Heritage Register Database ID
P4038	Danish List of Lights and Fog signals ID
P4039	Rock.com.ar biography ID
P4040	Rock.com.ar artist ID
P4041	Rock.com.ar album ID
P4042	ESBL athlete ID
P4046	SIMC place ID
P4048	J.League manager ID
P4050	EspritBleu athlete ID
P4051	Ukrainian regulations base ID
P4052	Academia.edu institutional ID
P4053	Deutsche Olympiamannschaft athlete ID
P4054	Canadian Olympic Committee athlete ID
P4055	Norwegian List of Lights ID
P4056	New Zealand Olympic Committee athlete ID
P4057	Irish Sites and Monuments Record ID
P4058	FINESS medical facility ID
P4059	Irish National Monument ID
P4060	Brazilian Olympic Committee athlete ID
P4061	LTOK athlete ID
P4062	ČOV athlete ID
P4063	United States Olympic Committee athlete ID
P4065	COA athlete ID
P4066	MOB athlete ID
P4067	COSR athlete ID
P4068	CIS Chinese Athletes Database ID
P4069	CONI athlete ID
P4071	Zemereshet artist ID
P4072	Zemereshet song ID
P4073	Wikia wiki ID
P4074	FFN swimmer ID
P4075	Czech Monument Catalogue Number
P4076	WorldSBK.com racer identifier
P4077	Pizmonet ID
P4079	Theatres Trust Database ID
P4081	BHL creator ID
P4083	NPS unit ID
P4084	MyAnimeList people ID
P4085	MyAnimeList character ID
P4086	MyAnimeList anime ID
P4087	MyAnimeList manga ID
P4088	Irish National Inventory of Architectural Heritage ID
P4089	Global Terrorism Database ID
P4090	Biodiversity Repository ID
P4091	Irish Grid Reference
P4093	Australian Statistical Geography 2016 ID
P4094	Australian Standard Geographic Classification 2006 ID
P4095	Principal Galaxies Catalogue ID
P4096	RePEc institute ID
P4097	MuseScore ID
P4098	BVMC place id
P4102	Atlas of Hillforts ID
P4104	Carnegie Hall agent ID
P4106	Finnish archaeological heritage ID
P4107	Framalibre ID
P4108	Gedbas genealogy person ID
P4109	URN-NBN
P4110	Crunchyroll ID
P4111	danskefilm TV Christmas calendar
P4112	danskfilmogtv person
P4113	FRED time-series ID
P4114	ADK member ID
P4115	INSPIRE ID
P4116	JewAge person ID
P4117	National Record of the Historic Environment ID
P4118	NLS-FI Geographic Name ID
P4119	NLS Geographic Names Place ID
P4120	Ontario Heritage Act Register ID
P4121	openAIP ID
P4122	PalDat plant ID
P4123	French National Assembly ID
P4124	Who's Who in France biography ID
P4125	Titan ID
P4126	ESEC person ID
P4127	EmbassyPages.com ID
P4128	NPSN Indonesian school ID
P4129	Cinema Treasures ID
P4130	USHMM person ID
P4133	Patrimonioculturale-ER ID
P4136	WIGOS station ID
P4138	Treasury of Lives ID
P4139	National Assembly of Nigeria ID
P4141	Gatehouse Gazetteer place ID
P4142	RIWAQ Registry of Historic Buildings in Palestine ID
P4143	Finnish List of Lights ID
P4144	Atheneum artwork ID
P4145	Atheneum person ID
P4146	Atheneum museum ID
P4154	National Forest Foundation ID
P4156	Czech Registration ID
P4157	MEG ID
P4158	autores.ar id
P4159	WeRelate person ID
P4160	Michelin Restaurants ID
P4161	Michelin Voyages ID
P4162	AUR package
P4164	National Baseball Hall of Fame and Museum ID
P4165	CODECS ID
P4166	Georgian National Register of Monuments ID
P4167	Dagens Næringsliv topic ID
P4168	IEDB Epitope ID
P4169	YCBA agent ID
P4170	eParks unit ID
P4171	World Heritage Tentative List ID
P4172	America's Byways road ID
P4173	Instagram location ID
P4174	Wikimedia username
P4175	Patreon ID
P4177	Finnish National Gallery artist ID
P4178	Beazley Archive Pottery Database ID
P4180	GujLit Person ID
P4181	GujLit Book ID
P4182	National Natural Landmarks site ID
P4186	Australian Women's Register ID
P4190	Rivers.gov protected area ID
P4191	Alljudo athlete ID
P4192	LNH player ID
P4193	Familypedia person ID
P4194	CNPS ID
P4197	Graphic character set global ID
P4198	Google Play Music artist ID
P4199	Google Play Music album ID
P4200	Christie's creator id
P4201	PagesJaunes ID
P4203	ROARMAP ID
P4204	The Times of India topic ID
P4206	FOIH person ID
P4207	Italian National Earthquake Center ID
P4208	Billboard artist ID
P4209	danskfilmogtv title ID
P4210	Bashkir encyclopedia (Bashkir version) ID
P4211	Bashkir encyclopedia (Russian version) ID
P4212	PACTOLS thesaurus ID
P4215	nLab ID
P4216	LNB Pro A player ID
P4217	UK Electoral Commission ID
P4219	Tyrolean Art Cadastre inventory ID
P4221	National Criminal Justice ID
P4222	United Nations Treaty Series Volume Number
P4223	Enciclopedia Italiana ID
P4226	Cyworld ID
P4227	Indonesian Small Islands Directory ID
P4228	Encyclopedia of Australian Science ID
P4229	ICD-10-CM
P4230	Sefaria ID
P4231	United Nations Treaty Series Registration Number
P4232	Figshare author ID
P4233	PatientLikeMe condition ID
P4235	PatientLikeMe treatment ID
P4236	PatientLikeMe symptom ID
P4237	Heritage Building in Finland ID
P4244	Bavarian monument authority ID
P4245	cultural heritage monument in Serbia ID
P4246	LfD-HB object ID
P4247	Tagesschau election ID
P4248	The Black Book ID
P4249	Vincoli in Rete ID
P4251	TSE number
P4252	All-Russian Mathematical Portal ID
P4254	Banglapedia (Bengali version) ID
P4255	Banglapedia (English version) ID
P4256	Spanish "Boletín Oficial del Estado" ID
P4257	National Museums of Japan e-museum ID
P4258	Gallica ID
P4259	Lega Pallavolo Serie A Femminile player ID
P4260	NPB player ID
P4261	FFVoile sailor ID
P4262	Footoféminin.fr player ID
P4263	THW Kiel player ID
P4264	LinkedIn company ID
P4265	Reddit user name
P4266	Bavarian geotope ID
P4267	Landtag of Liechtenstein ID
P4270	Daum TV series ID
P4272	DPLA subject ID
P4273	New York City Landmarks Preservation Commission ID
P4274	Tunisian geographic code
P4275	Japanese Database of National important cultural properties
P4276	Cinémathèque québécoise work identifier
P4277	Daum movie ID
P4278	FCI rider ID
P4279	hydrological order number
P4280	International Standard Text Code
P4281	LNV player ID
P4282	LUMIERE film ID
P4283	LUMIERE director ID
P4284	Nominis given name ID
P4285	Theses.fr person ID
P4286	Nominis saint ID
P4287	Riigikogu ID
P4288	UK National Fruit Collection ID
P4289	LFH player ID
P4293	PM20 folder ID
P4294	PROSPERO ID
P4297	MIL-STD-2525 Symbol Identification Code
P4298	VBL player ID
P4299	Wheelchair ITF player ID
P4300	YouTube Playlist ID
P4301	PfaF id
P4302	KNAU ID
P4303	Lega Pallavolo Serie A player ID
P4304	FOIH materials ID
P4305	FOIH styles and cultures ID
P4306	FOIH periods ID
P4307	FOIH heritage types ID
P4308	FOIH value types ID
P4309	FOIH event types ID
P4310	FOIH decree types ID
P4311	FOIH taxon ID
P4313	musée de Bretagne identifiant collections ID
P4314	SpeedskatingResults.com speed skater ID
P4315	SwimSwam ID
P4317	GARD rare disease ID
P4318	Scottish Sports HoF athlete ID
P4319	Elite Prospects staff ID
P4326	BFI-Filmography person ID
P4327	BHL bibliography ID
P4328	Brueckenweb ID
P4331	Department of Education and Skills roll number
P4332	Deutsche Synchronkartei actor-ID
P4333	GenBank Assembly accession
P4334	Heritage Conservation District of Ontario ID
P4335	IDESCAT territorial code in Catalonia
P4336	Lloyd's Register Ship ID
P4337	digitised page from Lloyd's Register of Ships from 1930 to 1945
P4338	LOINC ID
P4339	Radio Radicale organization ID
P4340	PubsHistory pub ID
P4342	Store norske leksikon ID
P4343	WBPLN author ID
P4344	QEdu ID
P4346	T4T35 megalith ID
P4347	Florida Sports Hall of Fame athlete ID
P4348	Lotsawa House Tibetan author ID
P4349	Lotsawa House Indian author ID
P4351	Cravo Albin artist ID
P4352	BillionGraves cemetery ID
P4355	PROSITE documentation ID
P4356	Megalithic Portal ID
P4357	Musikverket person ID
P4358	Dutch lost building register ID
P4359	gravsted.dk ID
P4360	Monumentos de São Paulo ID
P4361	ExecutedToday ID
P4362	ASHOF athlete ID
P4363	DSMHOF athlete ID
P4364	Georgia Sports Hall of Fame ID
P4365	Hawai‘i Sports Hall of Fame ID
P4366	Kansas Sports Hall of Fame ID
P4367	Louisiana Sports Hall of Fame ID
P4368	Mississippi Sports Hall of Fame ID
P4369	Cairn author ID
P4370	KBO hitter ID
P4371	KBO pitcher ID
P4372	Infopatrimônio ID
P4373	National Trust Collections ID
P4374	New Mexico Sports Hall of Fame ID
P4375	North Carolina Sports Hall of Fame ID
P4376	Oklahoma Sports Hall of Fame ID
P4377	Women's Sports Foundation ID
P4380	Sandrart.net artwork ID
P4381	Soccerdonna player ID
P4382	LFB player ID
P4383	Tennessee Sports Hall of Fame athlete ID
P4384	DAMIT asteroid ID
P4385	Missouri Sports Hall of Fame ID
P4386	Virginia Sports Hall of Fame ID
P4388	Mappy place ID
P4389	Science Museum people ID
P4391	TheSports.org athlete ID
P4392	BC Sports Hall of Fame athlete ID
P4393	Anvisa drug ID
P4394	NeuroNames ID (plain mode)
P4395	BrainInfo ID (hierarchical)
P4396	Alberta Sports Hall of Fame and Museum athlete ID
P4397	International Paralympic Committee athlete ID
P4398	Canada's Sports Hall of Fame athlete ID
P4399	Enciclopédia Itaú Cultural ID
P4400	Memória Globo
P4401	Museus.br ID
P4402	Women's Collegiate Tennis Hall of Fame ID
P4404	MusicBrainz recording ID
P4405	NLBPA ID
P4406	Nova Scotia Sport Hall of Fame ID
P4407	Opera Vivra singer ID
P4408	sports.ru player ID
P4409	Baseball Almanac ID
P4410	Women's Basketball Hall of Fame ID
P4411	Quora username
P4412	Ontario Sports Hall of Fame athlete ID
P4413	Manitoba Sports Hall of Fame athlete ID
P4414	New Brunswick Sports Hall of Fame athlete ID
P4415	Sport Australia Hall of Fame inductee ID
P4416	Panthéon des sports du Québec ID
P4417	rfpl.org player ID
P4418	New Zealand Sports Hall of Fame ID
P4419	Videolectures ID
P4421	Sportbox.ru ID
P4422	U.S. Ski and Snowboard Hall of Fame athlete ID
P4423	Portuguese lighthouse ID
P4427	GACS ID
P4429	Pro14 player ID
P4430	New York City Parks Monument ID
P4431	Google Doodle
P4432	AKL Online Artist ID
P4433	Indian Foundation for Butterflies ID
P4434	LesBiographies.com ID
P4435	snap package
P4436	The Coptic Library ID
P4438	BFI Film and TV ID
P4439	MNCARS artist ID
P4440	Biblioteca Nacional de México ID
P4449	Shirat Nashim person ID
P4450	HAL author ID
P4451	Scoresway handball person ID
P4453	Argentine Senate member ID
P4454	Argentine Chamber of Deputies ID
P4455	Coinage of the Roman Republic Online ID
P4456	Internet Off-Broadway Database ID
P4457	Discography of American Historical Recordings ID
P4458	Dutch Cemetery in Chinsurah ID
P4459	Dictionary of Spanish Biography ID
P4460	Kaitai Struct format gallery ID
P4461	World Golf Hall of Fame player ID
P4462	Canadian Baseball Hall of Fame inductee ID
P4463	Canadian Ski Hall of Fame inductee ID
P4464	Rugby League Project player ID
P4465	Ecole des chartes thesis abstract ID
P4466	Unified Astronomy Thesaurus ID
P4467	Twitch game ID
P4468	Mountain Bike Hall of Fame inductee ID
P4469	IGHOF athlete ID
P4470	British Bobsleigh & Skeleton Association ID
P4471	Rush Parliamentary Archive ID
P4472	Czech Jockey Club horse ID
P4473	Melon artist ID
P4474	IBHOF boxer ID
P4475	European Fencing Confederation athlete ID
P4476	Australian Baseball League player ID
P4477	Humble Store ID
P4478	Survey of Scottish Witchcraft - Accused witch ID
P4479	INDUCKS character ID
P4480	INDUCKS publication ID
P4481	INDUCKS creator ID
P4482	INDUCKS publisher ID
P4483	INDUCKS story ID
P4484	INDUCKS issue ID
P4485	INDUCKS miniseries ID
P4486	Google Play developer ID
P4487	Camera Decision ID
P4488	COAM architect ID
P4489	HOC athlete ID
P4490	Team GB athlete ID
P4616	UniProt journal ID
P4617	DVV player ID
P4618	AUSNUT 2011–13 Food Group ID
P4619	National Library of Brazil ID
P4620	Merkelstiftung person ID
P4621	Württembergische Kirchengeschichte person ID
P4623	South Australian Football Hall of Fame inductee ID
P4625	Museum of Fine Arts, Boston object ID
P4627	EK number
P4629	Online Books Page author ID
P4630	DORIS ID
P4631	Iowa Sports Hall of Fame ID
P4632	Bechdel Test Movie List ID
P4635	Indian Financial System Code
P4636	Sherpa Juliet ID
P4637	FoodEx2 code
P4638	The Peerage person ID
P4639	Estonian Football Association team ID
P4641	Welsh Chapels ID
P4642	Colorado Sports Hall of Fame ID
P4643	Philadelphia Museum of Art ID
P4491	Isidore ID
P4493	Barbarian F.C. ID
P4494	Barbarian R.C. ID
P4495	Xenopus Anatomical Ontology ID
P4497	Microsoft Store artist ID
P4498	World Snooker athlete ID
P4502	Snooker.org ID
P4503	Wimbledon player ID
P4504	IWRP athlete ID
P4505	IAFD male performer ID
P4507	California Sports Hall of Fame athlete ID
P4508	CycleBase cyclist ID
P4509	National Monuments of Namibia Site Reference
P4512	Scottish Cemetery Kolkata ID
P4513	Africultures movie ID
P4514	Africultures person ID
P4515	Prisma ID
P4516	Mémoire du cyclisme cyclist ID
P4517	ctext work ID
P4518	Melon album ID
P4520	SUNCAT ID
P4521	Radio Radicale person ID
P4522	Alaska Sports Hall of Fame athlete ID
P4523	Vermont Sports Hall of Fame athlete ID
P4524	Survey of Scottish Witchcraft - Person ID
P4525	MuIS ID
P4526	ABA bird ID
P4527	UK Parliament thesaurus ID
P4528	REGINE water system number
P4529	Douban Movie ID
P4530	Bangladesh administrative division code
P4531	ChinesePosters artist ID
P4532	Survey of Scottish Witchcraft - Trial ID
P4533	Czech street ID
P4534	EUTA person ID
P4535	EUTA theatre ID
P4536	EThOS thesis ID
P4537	Spider Ontology ID
P4538	Snooker Database player ID
P4539	Collective Biographies of Women ID
P4540	IBTrACS cyclone ID
P4541	HOO athlete ID
P4542	World of O athlete ID
P4544	Tennis Temple player ID
P4546	Gymn Forum athlete ID
P4547	OKS athlete ID
P4548	CGF athlete ID
P4549	ARLIMA ID
P4550	CNRS research group ID
P4551	Everyone Remembered ID
P4553	RA Collections ID
P4554	ICRC PoW ID
P4555	Canada Games ID
P4556	FAI ID
P4557	Indiana Basketball Hall of Fame ID
P4558	SNCZI-IPE dam ID
P4559	IJF ID
P4560	National Collegiate Basketball Hall of Fame ID
P4561	Basketball-Reference.com WNBA ID
P4562	Japanese Baseball Hall of Fame ID
P4563	Art Museum of Estonia artist ID
P4564	Art Museum of Estonia artwork ID
P4567	BTO five-letter code
P4568	SNCZI-IPE reservoir ID
P4569	BPH journal ID
P4571	West Australian Football League player ID
P4572	SS KL Auschwitz Garrison ID
P4574	Norwegian historical register of persons ID
P4576	Tidal artist ID
P4577	Tidal album ID
P4578	Tidal track ID
P4579	Tidal video ID
P4580	Berlinische Galerie artist ID
P4581	Städel Museum artist ID
P4582	Kulturelles Erbe Köln object ID
P4583	U.S. Gymnastics Hall of Fame athlete ID
P4585	Accademia della Crusca ID
P4587	Argentinian Historic Heritage ID
P4588	IWGA athlete ID
P4589	Dreadnought Project page
P4590	Atomic Heritage Foundation ID
P4591	National Inventory of Canadian Military Memorials ID
P4592	Mountain Project ID
P4593	CPE athlete ID
P4594	arXiv author ID
P4596	NIOSH Publication Number
P4597	FAPESP institution ID
P4598	FAPESP researcher ID
P4601	Lives of WWI ID
P4603	Microsoft Store album ID
P4604	World Rugby Hall of Fame ID
P4605	South Dakota Sports Hall of Fame ID
P4606	National Film Board of Canada movie ID
P4607	Swedish Musical Heritage composer ID
P4609	Queensland Australian Football Hall of Fame inductee ID
P4610	Art Institute of Chicago artwork ID
P4611	LACMA ID
P4612	LKL player ID
P4613	Encyclopedia of Modern Ukraine ID
P4615	WAFL FootyFacts ID